BNS Sections,IPC Sections,IPC Description
1,1,1.Title and extent of operation of the Code.
1(2),New,New Sub-Section
1(3),2,2.Punishment of offences committed within India.
1(4),3,"3. Punishment  of  offences  committed  beyond,  but which by law may be tried within, India."
1(5),4,4.Extension of Code to extra-territorial offences.
1(6),5,5.Certain laws not to be affected by this Act.
2,33,33.“Act”.“Omission”
2(2),47,47.“Animal”.
2(3),New,New Sub-Section
2(4),28,28.“Counterfeit”.
2(5),20,20.“Court of Justice”.
2(6),46,46.“Death”.
2(7),24,24.“Dishonestly”.
2(8),29,29.“Document”.
Deleted,29A,29A.“Electronic record”.
2(9),25,25.“Fraudulently”
2(10),8,8.Gender.
2(11),52,52.“Good faith”
2(12),17,17.“Government”.
Deleted,18,18.“India”.
2(13),52A,52A.“Harbour“.
2(14),44,44.“Injury”.
2(15),43,43.“Illegal”.“Legally bound to do”.
2(16),19,19.“Judge”.
2(17),45,45.“Life”.
2(18),42,42.“Local law”.
2(19),10,10.“Man”.“Woman”.
2(20),49,49.“Year”.“Month”.
2(21),22,22.“Movable property”
2(22),9,9.Number.
2(23),51,51.“Oath”.
2(24),40,40.“Offence”.
2(25),33,33.“Act”.“Omission”
2(26),11,11.“Person”.
2(27),12,12.“Public”.
Deleted,14-,14- “Servant of Government”.
2(28),21,21.“Public servant”.
2(29),26,26.“Reason to believe”
Deleted,50,50.“Section”.
2(30),41,41.“Special law”.
2(31),30,30.“Valuable security”.
2(32),48,48.“Vessel”.
2(33),39,39.“Voluntarily”.
2(34),31,31.“A will”.
2(35),10,10.“Man”.“Woman”.
2(36),23,23.“Wrongful gain”.
2(37),23,23.“Wrongful loss”.
2(38),23,23.“gaining wrongfully’ and ‘losing wrongfully”.
2(39),New,New Sub-Section
3,6,"6. Definitions  in  the  Code  to  be  understood  subject
to exceptions."
3(2),7,7.Sense of expression once explained.
3(3),27,"27.Property in possession of wife, clerk or servant."
3(4),32,32.Words referring to acts include illegal omissions.
3(5),34,"34. Acts  done  by  several  persons  in  furtherance  of
common intention."
3(6),35,35. When  such  an  act  is  criminal  by  reason  of  its being done with a criminal knowledge or intention.
3(7),36,36.Effect   caused   partly   by   act   and   partly   by omission.
3(8),37,37.Co-operation   by   doing   one   of   several   acts constituting an offence.
3(9),38,"38. Persons  concerned  in  criminal  act  may  be  guilty
of different offences."
4,53,53.Punishments.
Deleted,53A,53A.Construction of reference to transportation.
5,54,54.Commutation of sentence of death.
5(b),55,"55. Commutation  of  sentence  of  imprisonment  for
life."
6,57,57.Fractions of terms of punishment.
7,60,"60. Sentence     may    be    (in    certain    cases     of
imprisonment) wholly or partly rigorous or simple."
8,63,63.Amount of fine
8(2),64,"64. Sentence  of  imprisonment  for  non-payment  of
fine."
8(3),65,"65. Limit  to  imprisonment  for  non-payment  of  fine, when imprisonment and fine awardable."
8(4),66,"66.Description of imprisonment for non-payment of
fine."
8(5),67,"67. Imprisonment  for  non-payment  of  fine,  when offence punishable with fine only."
8(6)(a),68,68.Imprisonment to terminate on payment of fine.
8(6)(b),69,69.Termination   of   imprisonment   on   payment   of proportional part of fine.
8(7),70,"70. Fine    leviable    within    six    years,    of    during
imprisonment.Death not to discharge property from"
,liability,liability.
9,71,"71.Limit   of   punishment   of   offence   made   up   of
several offences."
10,72,"72. Punishment  of  person  guilty  of  one  of  several offences,  the  judgment  stating  that  it  is  doubtful  of which."
11,73,73.Solitary confinement.
12,74,74.Limit of solitary confinement.
13,75,"75.Enhanced punishment for certain offences under
Chapter XII or Chapter XVII after previous conviction."
14,76,"76.Act done by a person bound, or by mistake of fact
believing himself bound, by law."
15,77,77.Act of Judge when acting judicially.
16,78,"78. Act  done  pursuant  to  the  judgment  or  order  of
Court."
17,79,"79.Act  done  by a  person  justified,  or  by mistake  of
fact believing himself, justified, by law."
18,80,80.Accident in doing a lawful act.
19,81,"81.Act   likely   to   cause   harm,   but   done   without
criminal intent, and to prevent other harm."
20,82,82.Act of a child under seven years of age.
21,83,"83. Act  of  a  child  above  seven  and  under  twelve  of
immature understanding."
22,84,84.Act of a person of unsound mind.
23,85,"85.Act of a person incapable of judgment by reason
of intoxication caused against his will."
24,86,"86. Offence    requiring    a    particular    intent    or
knowledge committed by one who is intoxicated."
25,87,"87. Act  not  intended  and  not  known  to  be  likely  to
cause death or grievous hurt, done by consent."
26,88,"88.Act not intended to cause death, done by consent
in good faith for person's benefit."
27,89,"89. Act  done  in  good  faith  for  benefit  of  child  or insane person, by or by consent of guardian."
28,90,"90.Consent   known   to   be   given   under   fear   or
misconception."
29,91,"91.  Exclusion     of     acts     which     are     offences
independently of harm caused."
30,92,"92. Act  done  in  good  faith  for  benefit  of  a  person
without consent."
31,93,93.Communication made in good faith.
32,94,94.Act to which a person is compelled by threats.
33,95,95.Act causing slight harm.
34,96,96.Things done in private defence.
35,97,"97. Right  of  private  defence  of  the  body  and  of
property."
36,98,"98. Right  of  private  defence  against  the  act  of  a
person of unsound mind, etc."
37,99,"99. Acts  against  which  there  is  no  right  of  private
defence."
38,100,100. When  the  right  of  private  defence  of  the  body extends to causing death.
39,101,"101. When  such  right  extends  to  causing  any  harm
other than death."
40,102,102.Commencement and continuance of the right of private defence of the body.
41,103,"103. When  the  right  of  private  defence  of  property
extends to causing death."
42,104,104. When  such  right  extends  to  causing  any  harm other than death.
43,105,"105.Commencement and continuance of the right of
private defence of property."
44,106,106. Right  of  private  defence  against  deadly  assault when there is risk of harm to innocent person.
45,107,107.Abetment of a thing.
46,108,108.Abettor.
47,108A,108A.Abetment in India of offences outside India.
48,New,New Section
49,109,"109. Punishment  of  abetment  if  the  act  abetted  is committed  in  consequence  and  where  no  express
provision is made for its punishment."
50,110,"110.Punishment of abetment if person abetted does
act with different intention from that of abettor."
51,111,"111. Liability  of  abettor  when  one  act  abetted  and
different act done."
52,112,"112. Abettor  when  liable  to  cumulative  punishment
for act abetted and for act done."
53,113,"113. Liability  of  abettor  for  an  effect  caused  by  the act   abetted   different   from   that   intended   by   the
abettor."
54,114,114.Abettor present when offence is committed.
55,115,"115. Abetment  of  offence  punishable  with  death  or
imprisonment for life.—if offence not committed."
56,116,116.  Abetment     of     offence     punishable     with imprisonment—if offence be not committed.
57,117,"117.Abetting commission of offence by the public or
by more than ten persons."
58,118,118.Concealing design to commit offence punishable with death or imprisonment for life.
59,119,"119.Public   servant   concealing   design   to   commit
offence which it is his duty to prevent."
60,120,120.Concealing design to commit offence punishable
61,120A,120A.Definition of criminal conspiracy.
61(2),120B,120B.Punishment of criminal conspiracy.
62,511,"511.Punishment for attempting to commit offences punishable   with   imprisonment   for   life   or   other
imprisonment."
63,375,375.Rape.
64,376,376.Punishment for rape.
65,376(3),376(3)
65(2),376AB,"376AB.Punishment for rape on woman under twelve
years of age."
66,376A,"376A. Punishment  for  causing  death  or  resulting  in
persistent vegetative state of victim."
67,376B,"376B. Sexual  intercourse  by  husband  upon  his  wife
during separation."
68,376C,376C.Sexual intercourse by a person in authority.
69,New,New Section
70,376D,376D.Gang rape.
70(2)(Gang,376DA,"376DA.Punishment  for  gang  rape  on  woman  under sixteen years of age.
376DB. Punishment  for  gang  rape  on  woman  under twelve years of age."
71,376E,376E.Punishment for repeat offenders.
Deleted,377,377.Unnatural Offences
72,228A,"228A. Disclosure  of  identity  of  the  victim  of  certain offences, etc."
73,228A(3),228A(3)
Of,Of,Of criminal force and assault
74,354,"354. Assault or  criminal force to  woman  with  intent
to outrage her modesty."
75,354A,"354A.Sexual harassment and punishment for sexual
harassment."
76,354B,"354B.Assault or use of criminal force to woman with
intent to disrobe."
77,354C,354C.Voyeurism.
78,354D,354D.Stalking
79,509,"509. Word,  gesture  or  act  intended  to  insult  the
modesty of a woman."
80,304B,304B.Dowry death.
,CHAPTER,"CHAPTER XX
OF OFFENCES RELATING TO MARRIAGE"
81,493,"493.Cohabitation   caused   by   a   man   deceitfully
inducing a belief of lawful marriage."
82,494,494. Marrying  again  during  lifetime  of  husband  or wife.
82(2),495,"495.Same   offence   with   concealment   of   former marriage    from    person    with    whom    subsequent
marriage is contracted."
83,496,"496. Marriage  ceremony  fraudulently  gone  through
without lawful marriage."
Deleted,497,497.Adultery
84,498,498.Enticing   or   taking   away   or   detaining   with criminal intent a married woman.
,CHAPTER,"CHAPTER XXA
CRUELTY BY HUSBAND OR RELATIVES OF HUSBAND"
85,498A,498A. Husband  or  relative  of  husband  of  a  woman subjecting her to cruelty.
86,498A,498A.Explanation
,CHAPTER,"CHAPTER XVI
OF OFFENCES AFFECTING THE HUMAN BODY
Of    Kidnapping,   Abduction,   Slavery   and   Forced Labour"
87,366,"366. Kidnapping,  abducting  or  inducing  woman  to
compel her marriage, etc."
88,312,312.Causing miscarriage.
89,313,313.Causing miscarriage without woman's consent.
90,314,"314.Death caused by act done with intent to cause
miscarriage."
91,315,"315.Act done with intent to prevent child being born
alive or to cause it to die after birth."
92,316,"316. Causing  death  of  quick  unborn  child  by  act
amounting to culpable homicide."
93,317,"317.Exposure   and   abandonment   of   child   under twelve years, by parent or person having care of it."
94,318,"318.Concealment of birth by secret disposal of dead
body."
95,New,New Section
96,366A,366A.Procuration of minor girl.
97,369,369. Kidnapping  or  abducting  child  under  ten  years
98,372,"372.Selling minor for purposes of prostitution, etc."
99,373,"373.Buying minor for purposes of prostitution, etc."
100,299,299.Culpable homicide
101,300,300.Murder.
102,301,"301. Culpable  homicide  by  causing  death  of  person
other than person whose death was intended."
103,302,302.Punishment for murder.
104,303,303.Punishment for murder by life-convict.
105,304,"304.  Punishment     for     culpable     homicide     not
amounting to murder."
106,304A,304A.Causing death by negligence.
106(2),New,New Sub-Section
107,305,305.Abetment of suicide of child or insane person.
108,306,306.Abetment of suicide.
109,307,307.Attempt to murder.
110,308,308.Attempt to commit culpable homicide.
111,New,New Section
112,New,New Section
113,New,New Section
114,319,319.Hurt
115,321,321.Voluntarily causing hurt.
115(2),323,323.Punishment for voluntarily causing hurt.
116,320,320.Grievous hurt.
117,322,322.Voluntarily causing grievous hurt.
117(2),325,325.Punishment   for   voluntarily   causing   grievous hurt.
118,324,324.Voluntarily causing hurt by dangerous weapons or means.
118(2),326,326. Voluntarily  causing grievous hurt  by  dangerous weapons or means.
119,327,"327.Voluntarily causing hurt to extort property, or to constrain to an illegal to an act."
119(2),329,"329.Voluntarily   causing   grievous   hurt   to   extort property, or to constrain to an illegal act."
120(1),330,"330.Voluntarily causing hurt to extort confession, or
to compel restoration of property."
120(2),331,331.Voluntarily   causing   grievous   hurt   to   extort
,"confession,","confession, or to compel restoration of property."
121,332,332.Voluntarily causing hurt to deter public servant from his duty.
121(2),333,333.Voluntarily causing grievous hurt to deter public servant from his duty.
122,334,334.Voluntarily causing hurt on provocation.
122(2),335,335.Voluntarily      causing      grievous      hurt      on provocation.
123,328,"328. Causing  hurt  by  means  of  poison,  etc.,  with
intent to commit and offence."
124,326A,"326A. Voluntarily  causing  grievous  hurt  by  use  of acid, etc."
124(2),326B,"326B. Voluntarily  throwing  or  attempting  to  throw
acid."
125,336,336.Act   endangering   life   or   personal   safety   of others.
125(a),337,"337.Causing hurt by act endangering life or personal
safety of others."
125(b),338,338.Causing grievous hurt by act endangering life or personal safety of others.
126,339,339.Wrongful restraint.
126(2),341,341.Punishment for wrongful restraint.
127,340,340.Wrongful confinement.
127(2),342,342.Punishment for wrongful confinement.
127(3),343,343.Wrongful confinement for three or more days.
127(4),344,344.Wrongful confinement for ten or more days.
127(5),345,"345.Wrongful   confinement   of   person   for   whose
liberation writ has been issued."
127(6),346,346.Wrongful confinement in secret.
127(7),347,"347. Wrongful  confinement  to  extort  property,  or
constrain to illegal act."
127(8),348,"348. Wrongful  confinement  to  extort  confession,  or compel restoration of property."
128,349,349.Force
129,350,350.Criminal force
130,351,351.Assault.
131,352,352. Punishment    for    assault    or    criminal    force otherwise than on grave provocation.
132,353,"353.Assault or criminal force to deter public servant
from discharge of his duty"
133,355,"355. Assault    or    criminal    force    with    intent    to dishonour     person,     otherwise     than     on     grave"
134,356,"356. Assault  or  criminal  force  in  attempt  to  commit
theft of property carried by a person."
135,357,357. Assault  or  criminal  force  in  attempt  wrongfully to confine a person.
136,358,358.Assault or criminal force on grave provocation.
137,359,359.Kidnapping.
137(1)(a),360,360.Kidnapping from India.
137(1)(b),361,361.Kidnapping from lawful guardianship.
137(2),363,363.Punishment for kidnapping.
138,362,362.Abduction.
139,363A,"363A.Kidnapping or maiming a minor for purposes of
begging."
140,364,364.Kidnapping or abducting in order to murder.
140(2),364A,"364A.Kidnapping for ransom, etc."
140(3),365,365.Kidnapping or abducting with intent secretly and wrongfully to confine person.
140(4),367,"367. Kidnapping  or  abducting  in  order  to  subject
person to grievous hurt, slavery, etc."
141,366B,366B.Importation of girl from foreign country.
142,368,"368.Wrongfully      concealing      or      keeping      in
confinement, kidnapped or abducted person."
143,370,370.Trafficking of person.
144,370A,370A.Exploitation of a trafficked person
145,371,371.Habitual dealing in slaves.
146,374,374.Unlawful compulsory labour.
147,121,"121.Waging, or attempting to wage war, or abetting waging of war, against the Government of India."
148,121A,"121A. Conspiracy  to  commit  offences  punishable  by
section 121."
149,122,"122. Collecting  arms,  etc.,  with  intention  of  waging war against the Government of India."
150,123,"123. Concealing  with  intent  to  facilitate  design  to
wage war."
151,124,"124.Assaulting President, Governor, etc., with intent to  compel  or  restrain  the  exercise  of  any  lawful power."
152,New,New Section
153,125,"125.Waging war against any Asiatic Power in alliance
with the Government of India."
154,126,"126.Committing depredation on territories of Power
at peace with the Government of India."
155,127,127.Receiving property taken by war or depredation mentioned in sections 125 and 126.
156,128,"128. Public  servant  voluntarily  allowing  prisoner  of
state or war to escape."
157,129,129. Public    servant    negligently    suffering    such prisoner to escape.
158,130,"130. Aiding  escape  of,  rescuing  or  harbouring  such
prisoner."
159,131,"131. Abetting  mutiny,  or  attempting  to  seduce  a
soldier, sailor or airman from his duty."
160,132,"132. Abetment  of  mutiny, if  mutiny is committed  in consequence thereof."
161,133,"133.Abetment of assault by soldier, sailor or airman on  his  superior  officer,  when  in  execution  of  his
office."
162,134,"134.Abetment   of   such   assault,   if   the   assault committed."
163,135,"135.Abetment   of   desertion   of   soldier,   sailor   or
airman."
164,136,136.Harbouring deserter.
165,137,"137. Deserter  concealed  on  board  merchant  vessel
through negligence of master."
166,138,"138. Abetment  of  act  of  insubordination  by  soldier, sailor or airman."
167,139,139.Persons subject to certain Acts.
168,140,"140.Wearing garb or carrying token used by soldier,
sailor or airman."
169,171A,"171A.“Candidate”, “Electoral right” defined."
170,171B,171B.Bribery.
171,171C,171C.Undue influence at elections.
172,171D,171D.Personation at elections.
173,171E,171E.Punishment for bribery.
174,171F,"171F.Punishment for undue influence or personation
at an election."
175,171G,"171G. False    statement    in    connection    with    an
election."
176,171H,"171H. Illegal    payments    in    connection    with    an
election."
177,171-I,171-I.Failure to keep election accounts.
178,231,"231.Counterfeiting coin.255.Counterfeiting Government stamp.
489A.Counterfeiting currency-notes or bank-notes."
178(2),230,230.“Coin” defined.
178(3),Explanation,Explanation to 255
178(4),Explanation,Explanation to 231
178(5),246,"246. Fraudulently  or  dishonestly  diminishing  weight or altering composition of coin.
248. Altering  appearance  of  coin  with  intent  that  it shall pass as coin of different description.
(reference to ‘Indian coin’ removed)"
179,237,"237.Import or export of counterfeit coin.
238. Import  or  export  of  counterfeits  of  the  Indian coin.
239.Delivery of coin, possessed with knowledge that it is counterfeit.
240. Delivery    of    Indian    coin,    possessed    with knowledge that it is counterfeit.
241. Delivery  of  coin  as  genuine,  which,  when  first possessed,    the    deliverer    did    not    know    to    be counterfeit.
250.Delivery of coin, possessed with knowledge that it is altered.
251. Delivery    of    Indian    coin,    possessed    with knowledge that it is altered.
254. Delivery  of  coin  as  genuine,  which,  when  first possessed, the deliverer did not know to be altered.
258.Sale of counterfeit Government stamp.
260.Using as genuine a Government stamp known to be counterfeit.
489B.Using   as   genuine,    forged   or   counterfeit
currency-notes or bank-notes."
180,242,"242. Possession  of  counterfeit  coin  by  person  who knew it to be counterfeit when he became possessed thereof.
243.Possession of Indian coin by person who knew it to   be    counterfeit   when   he   became   possessed thereof.
252.Possession of coin by person who knew it to be altered when he became possessed thereof.
253.Possession of Indian coin by person who knew it to be altered when he became possessed thereof.
259. Having  possession  of  counterfeit  Government stamp.
489C. Possession  of  forged  or  counterfeit  currency-
notes or bank-notes."
181,233,233. Making or  selling  instrument  for  counterfeiting
Deleted,236,"236.Abetting in India the counterfeiting out of India
of coin."
182,489E,489E. Making    or    using    documents    resembling currency-notes or bank-notes.
183,261,"261. Effacing    writing    from    substance    bearing Government  stamp,  or  removing  from  document  a stamp   used   for   it,   with   intent   to   cause   loss   to
Government."
184,262,262. Using  Government  stamp  known  to  have  been before used
185,263,"263. Erasure  of  mark denoting that  stamp  has been
used"
186,263A,263A.Prohibition of fictitious stamps.
187,244,"244. Person  employed  in  mint  causing coin  to be  of different  weight  or  composition  from  that  fixed  by
law."
188,245,245.Unlawfully taking coining instrument from mint.
189,141,141.Unlawful assembly.
189(2),143,143.Punishment.
189(3),145,"145.Joining   or   continuing   in   unlawful   assembly,
knowing it has been commanded to disperse."
189(4),144,144. Joining  unlawful  assembly  armed  with  deadly weapon.
189(5),151,"151. Knowingly  joining  or  continuing  in  assembly  of five or more persons after it has been commanded to
disperse."
189(6),150,"150.Hiring, or conniving at hiring, of persons to join unlawful assembly."
189(7),157,"157.Harbouring   persons   hired   for   an   unlawful
assembly."
189(8),158,158.Being hired to take part in an unlawful assembly or riot.
189(9),158,158.or to go armed.
190,149,149. Every  member  of  unlawful  assembly  guilty  of offence committed in prosecution of common object.
191,146,146.Rioting.
191(2),147,147.Punishment for rioting.
191(3),148,"148.Rioting, armed with deadly weapon."
192,153,153.Wantonly   giving   provocation   with   intent   to cause     riot—if     rioting     be     committed;     if     not committed.
193,154,154.Owner or occupier of land on which an unlawful assembly is held.
193(2),155,155. Liability  of  person  for  whose  benefit  riot  is committed.
193(3),156,"156.Liability of agent of owner or occupier for whose
benefit riot is committed."
194,159,159.Affray.
194(2),160,160.Punishment for committing affray.
195,152,"152. Assaulting  or  obstructing  public  servant  when
suppressing riot, etc."
196,153A,"153A. Promoting  enmity  between  different  groups on ground of religion, race, place of birth, residence,
language,    etc.,    and    doing    acts    prejudicial    to maintenance of harmony."
Deleted,153AA,"153AA. Punishment  for  knowingly  carrying  arms  in any  procession  or  organizing,  or  holding  or  taking part in any mass drill or mass training with arms."
197,153B,"153B. Imputations,  assertions prejudicial  to  national
integration."
198,166,"166. Public  servant  disobeying  law,  with  intent  to
cause injury to any person."
199,166A,166A.Public servant disobeying direction under law.
200,166B,166B.Punishment for non-treatment of victim.
201,167,"167. Public  servant  framing  an  incorrect  document
with intent to cause injury."
202,168,168.Public servant unlawfully engaging in trade.
203,169,"169. Public  servant  unlawfully  buying  or  bidding  for
property."
204,170,170.Personating a public servant.
205,171,"171. Wearing  garb  or  carrying  token  used  by  public
servant with fraudulent intent."
206,172,"172. Absconding  to  avoid  service  of  summons  or
other proceeding."
207,173,"173. Preventing    service    of    summons    or    other proceeding, or preventing publication thereof."
208,174,"174.Non-attendance in obedience to an order from
public servant."
209,174A,174A.Non-appearance in response to a proclamation under section 82 of Act 2 of 1974.
210,175,175.Omission   to   produce   document   to   public servant by person legally bound to produce it.
211,176,176.Omission to give notice or information to public servant by person legally bound to give it.
212,177,177.Furnishing false information.
213,178,"178.Refusing oath or affirmation when duly required
by public servant to make it."
214,179,"179.Refusing to answer public servant authorised to
question."
215,180,180.Refusing to sign statement.
216,181,"181.False statement on oath or affirmation to public
servant  or  person  authorised  to  administer  an  oath or affirmation."
217,182,"182. False  information,  with  intent  to  cause  public servant  to  use  his  lawful  power  to  the  injury  of another."
218,183,"183. Resistance  to  the  taking  of  property  by  the
lawful authority of a public servant."
219,184,184.Obstructing sale of property offered for sale by authority of public servant.
220,185,"185. Illegal  purchase  or  bid  for  property  offered  for
sale by authority of public servant."
221,186,186.Obstructing public servant in discharge of public functions.
222,187,"187.Omission to assist public servant when bound by
law to give assistance."
223,188,188.Disobedience   to   order   duly   promulgated   by public servant.
224,189,189.Threat of injury to public servant.
225,190,190.Threat of injury to induce person to refrain from applying for protection to public servant.
226,New,New Section
227,191,191.Giving false evidence.
228,192,192.Fabricating false evidence.
229,193,193.Punishment for false evidence.
230,194,194. Giving  or  fabricating  false  evidence  with  intent
intent,to,to procure conviction of capital offence.
231,195,"195. Giving  or  fabricating  false  evidence  with  intent to  procure  conviction  of  offence  punishable  with
imprisonment for life or imprisonment."
232,195A,195A.Threatening any person to give false evidence.
233,196,196.Using evidence known to be false.
234,197,197.Issuing or signing false certificate
235,198,198.Using as true a certificate known to be false.
236,199,"199.False statement made in declaration which is by
law receivable as evidence."
237,200,"200.Using as true such declaration knowing it to be
false."
238,201,"201. Causing  disappearance  of  evidence  of  offence,
or giving false information to screen offender."
239,202,"202.Intentional   omission   to   give   information   of
offence by person bound to inform."
240,203,"203. Giving  false  information  respecting  an  offence
committed."
241,204,"204. Destruction    of    document    to    prevent    its
production as evidence."
242,205,"205. False    personation    for    purpose    of    act    or
proceeding in suit or prosecution."
243,206,206.Fraudulent removal or concealment of property to prevent its seizure as forfeited or in execution.
244,207,"207.Fraudulent   claim  to   property   to  prevent  its
seizure as forfeited or in execution."
245,208,208.Fraudulently suffering decree for sum not due.
246,209,209.Dishonesty making false claim in Court.
247,210,210.Fraudulently obtaining decree for sum not due.
248,211,"211. False  charge  of  offence  made  with  intent  to
injure."
249,212,212.Harbouring offender.
250,213,"213. Taking  gift,  etc.,  to  screen  an  offender  from
punishment."
251,214,"214.Offering   gift   or   restoration   of   property   in
consideration of screening offender."
252,215,"215. Taking  gift  to  help  to  recover  stolen  property,
etc."
253,216,"216.Harbouring   offender   who  has   escaped  from
custody or whose apprehension has been ordered."
254,216A,216A.Penalty for harbouring robbers or dacoits.
255,217,"217. Public  servant  disobeying  direction  of  law  with intent  to  save  person  from  punishment  or  property
from forfeiture."
256,218,218.Public   servant   framing   incorrect   record   or writing with intent to save person from punishment or property from forfeiture.
257,219,"219. Public  servant  in  judicial  proceeding  corruptly
making report, etc., contrary to law."
258,220,"220.Commitment for trial or confinement by person having   authority   who   knows   that   he   is   acting
contrary to law."
259,221,"221. Intentional  omission  to  apprehend  on  the  part
of public servant bound to apprehend."
260,222,"222. Intentional  omission  to  apprehend  on  the  part of public servant bound to apprehend person under
sentence or lawfully committed."
261,223,"223.Escape from confinement or custody negligently
suffered by public servant."
262,224,"224. Resistance  or  obstruction  by  a  person  to  his
lawful apprehension."
263,225,"225.Resistance      or      obstruction      to      lawful
apprehension of another person."
264,225A,"225A.Omission   to   apprehend,   or   sufferance   of escape,   on   part   of   public   servant,   in   cases   not
otherwise, provided for."
265,225B,"225B.Resistance      or     obstruction      to      lawful apprehension,   or   escape   or   rescue   in   cases   not
otherwise provided for."
266,227,"227. Violation    of    condition    of    remission    of
punishment."
267,228,"228.Intentional   insult   or   interruption   to   public
servant sitting in judicial proceeding."
268,229,229.Personation of a juror or assessor.
269,229A,229A.Failure  by person released on bail  or bond  to appear in court.
Deleted,264,264. Fraudulent    use    of    false    instrument    for weighing.
Deleted,265,265.Fraudulent use of false weight or measure.
Deleted,266,266.Being in possession of false weight or measure.
Deleted,267,267.Making or selling false weight or measure.
270,268,268.Public nuisance.
271,269,"269.Negligent   act   likely   to   spread   infection   of
disease dangerous to life."
272,270,"270.Malignant   act   likely   to   spread   infection   of
disease dangerous to life."
273,271,271.Disobedience to quarantine rule.
274,272,272.Adulteration of food or drink intended for sale.
275,273,273.Sale of noxious food or drink.
276,274,274.Adulteration of drugs.
277,275,275.Sale of adulterated drugs.
278,276,276.Sale of drug as a different drug or preparation.
279,277,277.Fouling water of public spring or reservoir.
280,278,278.Making atmosphere noxious to health.
281,279,279.Rash driving or riding on a public way.
282,280,280.Rash navigation of vessel.
283,281,"281.Exhibition of false light, mark or buoy."
284,282,"282.Conveying person by water for hire in unsafe or
overloaded vessel."
285,283,"283. Danger  or  obstruction  in  public  way  or  line  of
navigation."
286,284,"284. Negligent  conduct  with  respect  to  poisonous
substance."
287,285,"285.Negligent   conduct   with   respect   to   fire   or
combustible matter."
288,286,"286. Negligent  conduct  with  respect  to  explosive
substance."
289,287,287.Negligent conduct with respect to machinery.
290,288,288.Negligent conduct with respect to pulling down or repairing buildings.
291,289,289.Negligent conduct with respect to animal.
292,290,290. Punishment  for  public  nuisance  in  cases  not otherwise provided for.
293,291,"291.Continuance   of   nuisance   after   injunction   to
discontinue."
294,292,"292.Sale, etc., of obscene books, etc."
295,293,"293.Sale, etc., of obscene objects to young person."
296,294,294.Obscene acts and songs
297,294A,294A.Keeping lottery office.
298,295,"295.Injuring or defiling place of worship, with intent
to insult the religion of any class."
299,295A,"295A.Deliberate   and  malicious   acts,   intended   to
outrage religious feelings of any class by insulting its religion or religious beliefs."
300,296,296.Disturbing religious assembly.
301,297,"297.Trespassing on burial places, etc."
302,298,"298. Uttering  words,  etc.,  with  deliberate  intent  to wound religious feelings of any person."
303,378,378.Theft.
303(1),,
303(2),379,379.Punishment for theft.
304,New,New Section
305,380,"380.Theft in dwelling house, etc."
306,381,381.Theft   by   clerk   or   servant   of   property   in possession of master.
307,382,"382.Theft after preparation made for causing death, hurt  or  restraint  in  order  to  the  committing  of  the
theft."
308,383,383.Extortion.
308(2),384,384.Punishment for extortion.
308(3),385,"385. Putting  person  in  fear  of  injury  in  order  to
commit extortion."
308(4),387,"387. Putting  person  in  fear  of  death  or  of  grievous
hurt, in order to commit extortion."
308(5),386,386.Extortion by putting a person in fear of death or grievous hurt.
308(6),389,"389.Putting person in fear or accusation of offence,
in order to commit extortion."
308(7),388,"388. Extortion by threat of accusation  of  an offence punishable with death or imprisonment for life, etc."
309,390,390.Robbery.
309(4),392,392.Punishment for robbery.
309(5),393,393.Attempt to commit robbery.
309(6),394,394.Voluntarily causing hurt in committing robbery.
310,391,391.Dacoity.
310(2),395,395.Punishment for dacoity.
310(3),396,396.Dacoity with murder.
310(4),399,399.Making preparation to commit dacoity.
310(5),402,402.Assembling for purpose of committing dacoity.
310(6),400,400.Punishment for belonging to gang of dacoits.
311,397,"397.Robbery,  or  dacoity,   with  attempt  to   cause death or grievous hurt."
312,398,"398. Attempt  to  commit  robbery  or  dacoity  when
armed with deadly weapon."
313,401,401.Punishment for belonging to gang of thieves.
314,403,403.Dishonest misappropriation of property.
315,404,"404.  Dishonest     misappropriation     of     property possessed  by  deceased  person  at  the  time  of  his
death."
316,405,405.Criminal breach of trust.
316(2),406,406.Punishment for criminal breach of trust.
316(3),407,"407.Criminal breach of trust by carrier, etc."
316(4),408,408.Criminal breach of trust by clerk or servant.
316(5),409,"409.Criminal breach of trust by public servant, or by banker, merchant or agent."
317,410,410.Stolen property.
317(2),411,411.Dishonestly receiving stolen property.
317(3),412,"412.Dishonestly   receiving   property   stolen   in   the
commission of a dacoity."
317(4),413,413.Habitually dealing in stolen property.
317(5),414,414.Assisting in concealment of stolen property.
318,415,415.Cheating.
318(2),417,417.Punishment for cheating.
318(3),418,"418.Cheating with knowledge that wrongful loss may ensue to person whose interest offender is bound to
protect."
318(4),420,"420. Cheating  and  dishonestly  inducing  delivery  of
property."
319(2),419,419.Punishment of cheating by personation.
320,421,"421.Dishonest      or      fraudulent      removal      or
concealment   of   property   to   prevent   distribution among creditors."
321,422,422.Dishonestly   or   fraudulently   preventing   debt being available for creditors.
322,423,423. Dishonest  or  fraudulent  execution  of  deed  of transfer containing false statement of consideration.
323,424,424.Dishonest      or      fraudulent      removal      or concealment of property.
324,425,425.Mischief.
324(2),426,426.Punishment for mischief.
324(3),New,New Sub- Section
324(4),427,"427.Mischief causing damage to the amount of fifty
rupees."
324(5),New,New Sub-Section
324(6),440,440.Mischief committed after preparation made for causing death or hurt.
325,428,"428. Mischief  by  killing  or  maiming  animal  of  the
value of ten rupees."
,429,"429.Mischief by killing or maiming cattle, etc., of any
value or any animal of the value of fifty rupees."
326,430,430. Mischief  by  injury  to  works  of  irrigation  or  by wrongfully diverting water.
326(b),431,"431.Mischief by injury to public road, bridge, river or
channel."
326(c),432,"432.Mischief by causing inundation or obstruction to
public drainage attended with damage."
326(d),433,"433.Mischief by destroying, moving or rendering less useful a light-house or sea-mark."
326(e),434,"434. Mischief  by  destroying  or  moving,  etc.,  a  land-
mark fixed by public authority."
326(f),435,435. Mischief  by  fire  or  explosive  substance  with intent to cause damage to amount of one hundred or(in case of agricultural produce) ten rupees.
326(g),436,"436. Mischief  by  fire  or  explosive  substance  with
intent to destroy house, etc."
327,437,437.Mischief with intent to destroy or make unsafe a decked vessel or one of twenty tons burden.
327(2),438,"438.Punishment   for   the   mischief   described   in section    437    committed    by    fire    or    explosive
substance."
328,439,"439.Punishment   for   intentionally   running   vessel
aground or ashore with intent to commit theft, etc."
329,441,441.Criminal trespass.
329(2),442,442.House-trespass.
329(3),447,447.Punishment for criminal trespass.
329(4),448,448.Punishment for house-trespass.
330,443,443.Lurking house-trespass.
Deleted,444,444.Lurking house-trespass by night.
330(2),445,445.House-breaking.
Deleted,446,446.House-breaking by night.
331,453,453.Punishment for lurking house-trespass or house- breaking.
331(2),456,456.Punishment for lurking house-trespass or house- breaking by night.
331(3),454,"454.Lurking   house-trespass   or   house-breaking   in order     to     commit     offence     punishable     with
imprisonment."
331(4),457,457. Lurking  house-trespass  or  house-breaking  by night  in  order  to  commit  offence  punishable  with imprisonment.
331(5),455,"455. Lurking  house-trespass  or  house-breaking  after
preparation for hurt, assault or wrongful restraint."
331(6),458,"458. Lurking  house-trespass  or  house-breaking  by night after preparation for hurt, assault, or wrongful
restraint."
331(7),459,"459.Grievous hurt caused whilst committing lurking
house-trespass or house-breaking."
331(8),460,"460. All  persons  jointly  concerned  in  lurking  house- trespass   or   house-breaking   by   night   punishable
where death or grievous hurt caused by one of them."
332,449,"449.House-trespass   in   order   to   commit   offence
punishable with death."
332(b),450,"450.House-trespass   in   order   to   commit   offence
punishable with imprisonment for life."
332(c),451,"451.House-trespass   in   order   to   commit   offence
punishable with imprisonment."
333,452,"452.House-trespass   after   preparation   for   hurt,
assault or wrongful restraint."
334,461,461.Dishonestly breaking open receptacle containing property.
334(2),462,"462.Punishment for same offence when committed
by person entrusted with custody."
335,464,464.Making a false document.
336,463,463.Forgery.
336(2),465,465.Punishment for forgery.
336(3),468,468.Forgery for purpose of cheating.
336(4),469,469.Forgery for purpose of harming reputation.
337,466,"466.Forgery of record of Court or of public register,
etc."
338,467,"467.Forgery of valuable security, will, etc."
339,474,"474. Having  possession  of  document  described  in section  466  or  467,  knowing  it  to  be  forged  and
intending to use it genuine."
340,470,470.Forged document or electronic record.
340(2),471,"471.Using   as   genuine   a   forged   document   or
electronic record."
341,472,"472.Making or possessing counterfeit seal, etc., with intent  to  commit  forgery  punishable  under  section 467."
341(2),473,"473.Making or possessing counterfeit seal, etc., with
intent to commit forgery punishable otherwise."
341(3),New,New Sub-Section
341(4),New,New Sub-Section
342,475,"475. Counterfeiting    device    or    mark    used    for authenticating  documents  described  in  section  467, or possessing counterfeit marked material."
342(2),476,"476. Counterfeiting    device    or    mark    used    for authenticating     documents     other     than     those described  in  section  467,  or  possessing  counterfeit
marked material."
343,477,"477.Fraudulent   cancellation,   destruction,   etc.,   of
will, authority to adopt, or valuable security."
344,477A,477A.Falsification of accounts.
345,479,479.Property mark.
345(2),481,481.Using a false property mark.
345(3),482,482.Punishment for using a false property mark.
346,489,"489. Tampering  with  property  mark  with  intent  to
cause injury."
347,483,483.Counterfeiting a property mark used by another.
347(2),484,484.Counterfeiting a mark used by a public servant.
348,485,"485. Making  or  possession  of  any  instrument  for
counterfeiting a property mark."
349,486,"486. Selling    goods    marked    with    a    counterfeit
property mark."
350,487,487.Making   a   false   mark   upon   any   receptacle containing goods.
350(2),488,"488. Punishment  for  making  use  of  any  such  false
mark."
351,503,503.Criminal intimidation.
"351(2),",506,506.Punishment for criminal intimidation.
351(4),507,507. Criminal    intimidation    by    an    anonymous communication.
352,504,"504.Intentional insult with intent to provoke breach
of the peace."
353,505,505.Statements conducing to public mischief
354,508,"508.Act caused by inducing person to believe that he
will be rendered an object of the Divine displeasure."
355,510,510.Misconduct in public by a drunken person.
356,499,499.Defamation.
356(2),500,500.Punishment for defamation.
356(3),501,"501.Printing   or   engraving   matter   known   to   be
defamatory."
356(4).,502,502. Sale    of    printed    or    engraved    substance containing defamatory matter.
357,491,491. Breach  of  contract  to  attend  on  and  supply wants of helpless person.
358,New,New Section
Deleted,309,309.“Attempt to commit suicide”.
Deleted,310,310.“Thug”.
Deleted,311,311.“Punishment”.